{
    "dataset_evaluated": "beir/quora",
    "timestamp": "2026-06-16 02:50:17",
    "total_queries_evaluated": 10000,
    "model_performance_metrics": {
        "tfidf": {
            "MAP": 0.6398980517973687,
            "Precision@10": 0.1049,
            "Recall": 0.7882432052163402,
            "nDCG": 0.6813295007028095
        },
        "bm25": {
            "MAP": 0.6891274553495533,
            "Precision@10": 0.11172,
            "Recall": 0.8358358304857105,
            "nDCG": 0.7309257213633298
        },
        "bert": {
            "MAP": 0.8428041260350566,
            "Precision@10": 0.13368000000000002,
            "Recall": 0.9499109396766111,
            "nDCG": 0.875250397089985
        },
        "hybrid": {
            "MAP": 0.7551626512100947,
            "Precision@10": 0.11999000000000001,
            "Recall": 0.8832701555334966,
            "nDCG": 0.7920461940999292
        },
        "hybrid_serial": {
            "MAP": 0.825815140162794,
            "Precision@10": 0.12901999999999997,
            "Recall": 0.9246280272479318,
            "nDCG": 0.8587889144937575
        }
    },
    "search_efficiency_comparison": {
        "status": "completed",
        "average_faiss_time_seconds": 0.4150149202346802,
        "average_manual_time_seconds": 9.831175155639649,
        "speedup_factor": 23.688727022345063,
        "average_precision_match_at_5": 1.0,
        "detailed_queries": [
            {
                "query_text": "Which question should I ask on Quora?...",
                "faiss_time": 0.7623448371887207,
                "manual_time": 4.446052312850952,
                "precision_match_at_5": 1.0,
                "speedup": 5.832075061000667,
                "precision_match_at-5": 1.0
            },
            {
                "query_text": "What causes a nightmare?...",
                "faiss_time": 0.3528714179992676,
                "manual_time": 2.974311590194702,
                "precision_match_at_5": 1.0,
                "speedup": 8.428882132360393,
                "precision_match_at-5": 1.0
            },
            {
                "query_text": "Does it matter whether humans are selfis...",
                "faiss_time": 0.2679917812347412,
                "manual_time": 3.040496587753296,
                "precision_match_at_5": 1.0,
                "speedup": 11.345484453831228,
                "precision_match_at-5": 1.0
            },
            {
                "query_text": "If I do not monetize YouTube videos & up...",
                "faiss_time": 0.195343017578125,
                "manual_time": 1.9134628772735596,
                "precision_match_at_5": 1.0,
                "speedup": 9.7953994004843,
                "precision_match_at-5": 1.0
            },
            {
                "query_text": "Do animals kiss?...",
                "faiss_time": 0.18157529830932617,
                "manual_time": 0.8514738082885742,
                "precision_match_at_5": 1.0,
                "speedup": 4.689370284486766,
                "precision_match_at-5": 1.0
            },
            {
                "query_text": "Who is disrupting Bloomberg?...",
                "faiss_time": 0.18608665466308594,
                "manual_time": 1.3146986961364746,
                "precision_match_at_5": 1.0,
                "speedup": 7.0649810891424005,
                "precision_match_at-5": 1.0
            },
            {
                "query_text": "What do you people think of Mr. Arvind K...",
                "faiss_time": 0.19071459770202637,
                "manual_time": 1.6328175067901611,
                "precision_match_at_5": 1.0,
                "speedup": 8.561575917441228,
                "precision_match_at-5": 1.0
            },
            {
                "query_text": "Do we exist?...",
                "faiss_time": 0.18576383590698242,
                "manual_time": 0.8609797954559326,
                "precision_match_at_5": 1.0,
                "speedup": 4.63480844510043,
                "precision_match_at-5": 1.0
            },
            {
                "query_text": "What jobs are available with a bachelor’...",
                "faiss_time": 0.16707348823547363,
                "manual_time": 0.8299124240875244,
                "precision_match_at_5": 1.0,
                "speedup": 4.967349594795342,
                "precision_match_at-5": 1.0
            },
            {
                "query_text": "Which are the best books to understand c...",
                "faiss_time": 0.11783432960510254,
                "manual_time": 0.8225164413452148,
                "precision_match_at_5": 1.0,
                "speedup": 6.980278532594951,
                "precision_match_at-5": 1.0
            },
            {
                "query_text": "How can I learn about web design?...",
                "faiss_time": 0.18246173858642578,
                "manual_time": 0.8893556594848633,
                "precision_match_at_5": 1.0,
                "speedup": 4.874203580295309,
                "precision_match_at-5": 1.0
            },
            {
                "query_text": "How do earthquake resistant buildings wo...",
                "faiss_time": 0.166856050491333,
                "manual_time": 1.6382460594177246,
                "precision_match_at_5": 1.0,
                "speedup": 9.818319770806394,
                "precision_match_at-5": 1.0
            },
            {
                "query_text": "What should I do to be a good Speaker?...",
                "faiss_time": 0.16424560546875,
                "manual_time": 0.8190717697143555,
                "precision_match_at_5": 1.0,
                "speedup": 4.986871748420661,
                "precision_match_at-5": 1.0
            },
            {
                "query_text": "How can I maintain my peace of mind?...",
                "faiss_time": 0.1705760955810547,
                "manual_time": 0.8360700607299805,
                "precision_match_at_5": 1.0,
                "speedup": 4.9014491619237175,
                "precision_match_at-5": 1.0
            },
            {
                "query_text": "Why do dreams look so real?...",
                "faiss_time": 0.15976953506469727,
                "manual_time": 0.819237232208252,
                "precision_match_at_5": 1.0,
                "speedup": 5.1276185530395955,
                "precision_match_at-5": 1.0
            },
            {
                "query_text": "Are there any strong indications that Do...",
                "faiss_time": 0.12041807174682617,
                "manual_time": 0.8227152824401855,
                "precision_match_at_5": 1.0,
                "speedup": 6.832157918704338,
                "precision_match_at-5": 1.0
            },
            {
                "query_text": "What's your bucket list?...",
                "faiss_time": 0.1685175895690918,
                "manual_time": 0.8055658340454102,
                "precision_match_at_5": 1.0,
                "speedup": 4.7803071246466535,
                "precision_match_at-5": 1.0
            },
            {
                "query_text": "How can I join MIT?...",
                "faiss_time": 0.14044833183288574,
                "manual_time": 5.6485912799835205,
                "precision_match_at_5": 1.0,
                "speedup": 40.218286726997725,
                "precision_match_at-5": 1.0
            },
            {
                "query_text": "Why are police lights red and/or blue?...",
                "faiss_time": 0.16408777236938477,
                "manual_time": 3.283087968826294,
                "precision_match_at_5": 1.0,
                "speedup": 20.00812078450062,
                "precision_match_at-5": 1.0
            },
            {
                "query_text": "Is it necessary to unlock bootloader bef...",
                "faiss_time": 0.17257976531982422,
                "manual_time": 3.9292726516723633,