{
    "dataset_evaluated": "beir/scifact",
    "timestamp": "2026-06-15 22:42:42",
    "total_queries_evaluated": 300,
    "model_performance_metrics": {
        "tfidf": {
            "MAP": 0.41318471265185064,
            "MRR": 0.42572698677476106,
            "Precision@10": 0.072,
            "Recall@10": 0.6450555555555556,
            "nDCG@10": 0.4663839315433097
        },
        "bm25": {
            "MAP": 0.6043931712886429,
            "MRR": 0.6123886310218429,
            "Precision@10": 0.08366666666666665,
            "Recall@10": 0.7565,
            "nDCG@10": 0.639654326903578
        },
        "bert": {
            "MAP": 0.5950353005231652,
            "MRR": 0.6032932691505253,
            "Precision@10": 0.08899999999999998,
            "Recall@10": 0.7866666666666666,
            "nDCG@10": 0.6401996495750767
        },
        "hybrid": {
            "MAP": 0.6324506233907912,
            "MRR": 0.6399608497826794,
            "Precision@10": 0.08899999999999998,
            "Recall@10": 0.7993888888888889,
            "nDCG@10": 0.6713964118307981
        },
        "hybrid_serial": {
            "MAP": 0.5931729332216987,
            "MRR": 0.600528885602651,
            "Precision@10": 0.088,
            "Recall@10": 0.7745555555555556,
            "nDCG@10": 0.6360227590045144
        }
    },
    "search_efficiency_comparison": {
        "status": "completed",
        "average_faiss_time_seconds": 0.07661756992340088,
        "average_manual_time_seconds": 0.052242250442504884,
        "speedup_factor": 0.681857314121742,
        "average_precision_match_at_5": 1.0,
        "detailed_queries": [
            {
                "query_text": "0-dimensional biomaterials show inductiv...",
                "faiss_time": 0.01385498046875,
                "manual_time": 0.024679183959960938,
                "precision_match_at_5": 1.0,
                "speedup": 1.78125,
                "precision_match_at-5": 1.0
            },
            {
                "query_text": "1,000 genomes project enables mapping of...",
                "faiss_time": 0.030091524124145508,
                "manual_time": 0.030252933502197266,
                "precision_match_at_5": 1.0,
                "speedup": 1.0053639482462187,
                "precision_match_at-5": 1.0
            },
            {
                "query_text": "1/2000 in UK have abnormal PrP positivit...",
                "faiss_time": 0.02685403823852539,
                "manual_time": 0.03189206123352051,
                "precision_match_at_5": 1.0,
                "speedup": 1.1876076495551964,
                "precision_match_at-5": 1.0
            },
            {
                "query_text": "5% of perinatal mortality is due to low ...",
                "faiss_time": 0.046813011169433594,
                "manual_time": 0.11282491683959961,
                "precision_match_at_5": 1.0,
                "speedup": 2.4101187687167682,
                "precision_match_at-5": 1.0
            },
            {
                "query_text": "A deficiency of vitamin B12 increases bl...",
                "faiss_time": 0.10484147071838379,
                "manual_time": 0.05175161361694336,
                "precision_match_at_5": 1.0,
                "speedup": 0.4936177760797931,
                "precision_match_at-5": 1.0
            },
            {
                "query_text": "A high microerythrocyte count raises vul...",
                "faiss_time": 0.12325286865234375,
                "manual_time": 0.03975629806518555,
                "precision_match_at_5": 1.0,
                "speedup": 0.3225588053234293,
                "precision_match_at-5": 1.0
            },
            {
                "query_text": "A total of 1,000 people in the UK are as...",
                "faiss_time": 0.16127610206604004,
                "manual_time": 0.025449514389038086,
                "precision_match_at_5": 1.0,
                "speedup": 0.15780090207423855,
                "precision_match_at-5": 1.0
            },
            {
                "query_text": "ADAR1 binds to Dicer to cleave pre-miRNA...",
                "faiss_time": 0.04773092269897461,
                "manual_time": 0.05191445350646973,
                "precision_match_at_5": 1.0,
                "speedup": 1.0876482282540285,
                "precision_match_at-5": 1.0
            },
            {
                "query_text": "AIRE is expressed in some skin tumors....",
                "faiss_time": 0.02170872688293457,
                "manual_time": 0.09820723533630371,
                "precision_match_at_5": 1.0,
                "speedup": 4.523859730047335,
                "precision_match_at-5": 1.0
            },
            {
                "query_text": "ALDH1 expression is associated with bett...",
                "faiss_time": 0.06822824478149414,
                "manual_time": 0.0580594539642334,
                "precision_match_at_5": 1.0,
                "speedup": 0.8509592200440298,
                "precision_match_at-5": 1.0
            },
            {
                "query_text": "ALDH1 expression is associated with poor...",
                "faiss_time": 0.15045428276062012,
                "manual_time": 0.025925397872924805,
                "precision_match_at_5": 1.0,
                "speedup": 0.17231412358113687,
                "precision_match_at-5": 1.0
            },
            {
                "query_text": "AMP-activated protein kinase (AMPK) acti...",
                "faiss_time": 0.03195786476135254,
                "manual_time": 0.03109598159790039,
                "precision_match_at_5": 1.0,
                "speedup": 0.9730306398788431,
                "precision_match_at-5": 1.0
            },
            {
                "query_text": "APOE4 expression in iPSC-derived neurons...",
                "faiss_time": 0.09549212455749512,
                "manual_time": 0.038091182708740234,
                "precision_match_at_5": 1.0,
                "speedup": 0.3988934468182851,
                "precision_match_at-5": 1.0
            },
            {
                "query_text": "APOE4 expression in iPSC-derived neurons...",
                "faiss_time": 0.1634993553161621,
                "manual_time": 0.02231621742248535,
                "precision_match_at_5": 1.0,
                "speedup": 0.1364911646246679,
                "precision_match_at-5": 1.0
            },
            {
                "query_text": "Activation of PPM1D suppresses p53 funct...",
                "faiss_time": 0.0948789119720459,
                "manual_time": 0.06475329399108887,
                "precision_match_at_5": 1.0,
                "speedup": 0.6824835218406287,
                "precision_match_at-5": 1.0
            },
            {
                "query_text": "Activator-inhibitor pairs are provided d...",
                "faiss_time": 0.037870168685913086,
                "manual_time": 0.0552518367767334,
                "precision_match_at_5": 1.0,
                "speedup": 1.4589804770868615,
                "precision_match_at-5": 1.0
            },
            {
                "query_text": "Active H. pylori urease has a polymeric ...",
                "faiss_time": 0.15480494499206543,
                "manual_time": 0.021837472915649414,
                "precision_match_at_5": 1.0,
                "speedup": 0.1410644402655787,
                "precision_match_at-5": 1.0
            },
            {
                "query_text": "Albendazole is used to treat lymphatic f...",
                "faiss_time": 0.03239154815673828,
                "manual_time": 0.03388047218322754,
                "precision_match_at_5": 1.0,
                "speedup": 1.045966436037097,
                "precision_match_at-5": 1.0
            },
            {
                "query_text": "Alizarin forms hydrogen bonds with resid...",
                "faiss_time": 0.0445401668548584,