{
    "dataset_evaluated": "beir/nfcorpus",
    "timestamp": "2026-06-15 22:41:23",
    "total_queries_evaluated": 323,
    "model_performance_metrics": {
        "tfidf": {
            "MAP": 0.08060381605146087,
            "MRR": 0.36934063077457724,
            "Precision@10": 0.19349845201238391,
            "Recall@10": 0.09047339885563305,
            "nDCG@10": 0.22817513742096707
        },
        "bm25": {
            "MAP": 0.1281668561945995,
            "MRR": 0.5129172233591458,
            "Precision@10": 0.2210526315789474,
            "Recall@10": 0.13609091456121875,
            "nDCG@10": 0.30071473976172947
        },
        "bert": {
            "MAP": 0.13990237157592053,
            "MRR": 0.5147203254777384,
            "Precision@10": 0.2390092879256966,
            "Recall@10": 0.15308646451372884,
            "nDCG@10": 0.3124194132009743
        },
        "hybrid": {
            "MAP": 0.14247489341008102,
            "MRR": 0.5272152777788394,
            "Precision@10": 0.23777089783281738,
            "Recall@10": 0.15134358501912515,
            "nDCG@10": 0.31838342331871894
        },
        "hybrid_serial": {
            "MAP": 0.13805632843050564,
            "MRR": 0.5390842288203441,
            "Precision@10": 0.2359133126934985,
            "Recall@10": 0.14679917049076607,
            "nDCG@10": 0.32112463792050244
        }
    },
    "search_efficiency_comparison": {
        "status": "completed",
        "average_faiss_time_seconds": 0.06827349662780761,
        "average_manual_time_seconds": 0.0536848783493042,
        "speedup_factor": 0.7863209151563872,
        "average_precision_match_at_5": 1.0,
        "detailed_queries": [
            {
                "query_text": "Do Cholesterol Statin Drugs Cause Breast...",
                "faiss_time": 0.013040781021118164,
                "manual_time": 0.025182723999023438,
                "precision_match_at_5": 1.0,
                "speedup": 1.931074830429457,
                "precision_match_at-5": 1.0
            },
            {
                "query_text": "Exploiting Autophagy to Live Longer...",
                "faiss_time": 0.061479806900024414,
                "manual_time": 0.10454845428466797,
                "precision_match_at_5": 1.0,
                "speedup": 1.7005332247493843,
                "precision_match_at-5": 1.0
            },
            {
                "query_text": "How to Reduce Exposure to Alkylphenols T...",
                "faiss_time": 0.15024209022521973,
                "manual_time": 0.020463228225708008,
                "precision_match_at_5": 1.0,
                "speedup": 0.13620170083518338,
                "precision_match_at-5": 1.0
            },
            {
                "query_text": "What’s Driving America’s Obesity Problem...",
                "faiss_time": 0.07308506965637207,
                "manual_time": 0.05475473403930664,
                "precision_match_at_5": 1.0,
                "speedup": 0.749191788374149,
                "precision_match_at-5": 1.0
            },
            {
                "query_text": "Who Should be Careful About Curcumin?...",
                "faiss_time": 0.030165910720825195,
                "manual_time": 0.1293025016784668,
                "precision_match_at_5": 1.0,
                "speedup": 4.286378186129223,
                "precision_match_at-5": 1.0
            },
            {
                "query_text": "Foods for Glaucoma...",
                "faiss_time": 0.08508491516113281,
                "manual_time": 0.03483462333679199,
                "precision_match_at_5": 1.0,
                "speedup": 0.40941009661727457,
                "precision_match_at-5": 1.0
            },
            {
                "query_text": "What is Actually in Chicken Nuggets?...",
                "faiss_time": 0.09646129608154297,
                "manual_time": 0.06559062004089355,
                "precision_match_at_5": 1.0,
                "speedup": 0.6799682640117848,
                "precision_match_at-5": 1.0
            },
            {
                "query_text": "What Do Meat Purge and Cola Have in Comm...",
                "faiss_time": 0.031580448150634766,
                "manual_time": 0.07487654685974121,
                "precision_match_at_5": 1.0,
                "speedup": 2.3709779703755154,
                "precision_match_at-5": 1.0
            },
            {
                "query_text": "Chronic Headaches and Pork Parasites...",
                "faiss_time": 0.1527562141418457,
                "manual_time": 0.03347158432006836,
                "precision_match_at_5": 1.0,
                "speedup": 0.21911766083039647,
                "precision_match_at-5": 1.0
            },
            {
                "query_text": "Stopping Heart Disease in Childhood...",
                "faiss_time": 0.05982017517089844,
                "manual_time": 0.10657191276550293,
                "precision_match_at_5": 1.0,
                "speedup": 1.781537958741192,
                "precision_match_at-5": 1.0
            },
            {
                "query_text": "Food Dyes and ADHD...",
                "faiss_time": 0.033533334732055664,
                "manual_time": 0.03622579574584961,
                "precision_match_at_5": 1.0,
                "speedup": 1.0802920745970466,
                "precision_match_at-5": 1.0
            },
            {
                "query_text": "How Citrus Might Help Keep Your Hands Wa...",
                "faiss_time": 0.02114081382751465,
                "manual_time": 0.03873634338378906,
                "precision_match_at_5": 1.0,
                "speedup": 1.832301428877536,
                "precision_match_at-5": 1.0
            },
            {
                "query_text": "Starving Tumors of Their Blood Supply...",
                "faiss_time": 0.03237605094909668,
                "manual_time": 0.04075312614440918,
                "precision_match_at_5": 1.0,
                "speedup": 1.2587429581354248,
                "precision_match_at-5": 1.0
            },
            {
                "query_text": "Are Dental X-Rays Safe?...",
                "faiss_time": 0.028853654861450195,
                "manual_time": 0.03773331642150879,
                "precision_match_at_5": 1.0,
                "speedup": 1.3077482420406377,
                "precision_match_at-5": 1.0
            },
            {
                "query_text": "How Should I Take Probiotics?...",
                "faiss_time": 0.02926325798034668,
                "manual_time": 0.04042673110961914,
                "precision_match_at_5": 1.0,
                "speedup": 1.3814842877976845,
                "precision_match_at-5": 1.0
            },
            {
                "query_text": "Breast Cancer & Alcohol: How Much is Saf...",
                "faiss_time": 0.0325312614440918,
                "manual_time": 0.04742622375488281,
                "precision_match_at_5": 1.0,
                "speedup": 1.4578661155328847,
                "precision_match_at-5": 1.0
            },
            {
                "query_text": "Diet and Cellulite...",
                "faiss_time": 0.031119585037231445,
                "manual_time": 0.048551321029663086,
                "precision_match_at_5": 1.0,
                "speedup": 1.560153227351082,
                "precision_match_at-5": 1.0
            },
            {
                "query_text": "Best Treatment for Constipation...",
                "faiss_time": 0.020824193954467773,
                "manual_time": 0.02989029884338379,
                "precision_match_at_5": 1.0,
                "speedup": 1.4353640245926977,
                "precision_match_at-5": 1.0
            },
            {
                "query_text": "Should We Avoid Titanium Dioxide?...",
                "faiss_time": 0.02322697639465332,
                "manual_time": 0.04574084281921387,