{
    "dataset_evaluated": "cranfield",
    "timestamp": "2026-06-15 22:39:07",
    "total_queries_evaluated": 225,
    "model_performance_metrics": {
        "tfidf": {
            "MAP": 0.26496811968449513,
            "MRR": 0.4958366409742858,
            "Precision@10": 0.21777777777777782,
            "Recall@10": 0.3568919585173455,
            "nDCG@10": 0.34544156068464094
        },
        "bm25": {
            "MAP": 0.2848777175186536,
            "MRR": 0.5302637947458654,
            "Precision@10": 0.22755555555555557,
            "Recall@10": 0.37713527484631715,
            "nDCG@10": 0.36975780616031007
        },
        "bert": {
            "MAP": 0.31659161422111026,
            "MRR": 0.5401070380086376,
            "Precision@10": 0.244,
            "Recall@10": 0.4136458403328888,
            "nDCG@10": 0.3953210787999995
        },
        "hybrid": {
            "MAP": 0.30731417582989257,
            "MRR": 0.5443250321379393,
            "Precision@10": 0.24444444444444444,
            "Recall@10": 0.4082489204599628,
            "nDCG@10": 0.3936664805620267
        },
        "hybrid_serial": {
            "MAP": 0.3198266261331273,
            "MRR": 0.5550431854227676,
            "Precision@10": 0.2577777777777778,
            "Recall@10": 0.43283501635772015,
            "nDCG@10": 0.412164365953133
        }
    },
    "search_efficiency_comparison": {
        "status": "completed",
        "average_faiss_time_seconds": 0.12362722873687744,
        "average_manual_time_seconds": 0.04970003604888916,
        "speedup_factor": 0.40201528867615766,
        "average_precision_match_at_5": 1.0,
        "detailed_queries": [
            {
                "query_text": "what similarity laws must be obeyed when...",
                "faiss_time": 0.01570868492126465,
                "manual_time": 0.03186368942260742,
                "precision_match_at_5": 1.0,
                "speedup": 2.028412281633706,
                "precision_match_at-5": 1.0
            },
            {
                "query_text": "what are the structural and aeroelastic ...",
                "faiss_time": 0.16369986534118652,
                "manual_time": 0.03696465492248535,
                "precision_match_at_5": 1.0,
                "speedup": 0.22580748521352098,
                "precision_match_at-5": 1.0
            },
            {
                "query_text": "what problems of heat conduction in comp...",
                "faiss_time": 0.1564643383026123,
                "manual_time": 0.0397944450378418,
                "precision_match_at_5": 1.0,
                "speedup": 0.2543355595885161,
                "precision_match_at-5": 1.0
            },
            {
                "query_text": "can a criterion be developed to show emp...",
                "faiss_time": 0.135756254196167,
                "manual_time": 0.03393387794494629,
                "precision_match_at_5": 1.0,
                "speedup": 0.24996180209798685,
                "precision_match_at-5": 1.0
            },
            {
                "query_text": "what chemical kinetic system is applicab...",
                "faiss_time": 0.15590953826904297,
                "manual_time": 0.040433645248413086,
                "precision_match_at_5": 1.0,
                "speedup": 0.2593404207165271,
                "precision_match_at-5": 1.0
            },
            {
                "query_text": "what theoretical and experimental guides...",
                "faiss_time": 0.13563108444213867,
                "manual_time": 0.04095053672790527,
                "precision_match_at_5": 1.0,
                "speedup": 0.3019258962378577,
                "precision_match_at-5": 1.0
            },
            {
                "query_text": "is it possible to relate the available p...",
                "faiss_time": 0.15336036682128906,
                "manual_time": 0.03702592849731445,
                "precision_match_at_5": 1.0,
                "speedup": 0.24143088116410671,
                "precision_match_at-5": 1.0
            },
            {
                "query_text": "what methods -dash exact or approximate ...",
                "faiss_time": 0.16981053352355957,
                "manual_time": 0.027071237564086914,
                "precision_match_at_5": 1.0,
                "speedup": 0.1594202491586368,
                "precision_match_at-5": 1.0
            },
            {
                "query_text": "papers on internal /slip flow/ heat tran...",
                "faiss_time": 0.052947998046875,
                "manual_time": 0.11325716972351074,
                "precision_match_at_5": 1.0,
                "speedup": 2.139026476945245,
                "precision_match_at-5": 1.0
            },
            {
                "query_text": "are real-gas transport properties for ai...",
                "faiss_time": 0.14812827110290527,
                "manual_time": 0.03485250473022461,
                "precision_match_at_5": 1.0,
                "speedup": 0.23528597526134928,
                "precision_match_at-5": 1.0
            },
            {
                "query_text": "is it possible to find an analytical,  s...",
                "faiss_time": 0.10190773010253906,
                "manual_time": 0.05530714988708496,
                "precision_match_at_5": 1.0,
                "speedup": 0.5427179060061016,
                "precision_match_at-5": 1.0
            },
            {
                "query_text": "how can the aerodynamic performance of c...",
                "faiss_time": 0.0713951587677002,
                "manual_time": 0.08074665069580078,
                "precision_match_at_5": 1.0,
                "speedup": 1.130982157467115,
                "precision_match_at-5": 1.0
            },
            {
                "query_text": "what is the basic mechanism of the trans...",
                "faiss_time": 0.11841011047363281,
                "manual_time": 0.06101179122924805,
                "precision_match_at_5": 1.0,
                "speedup": 0.5152582915867979,
                "precision_match_at-5": 1.0
            },
            {
                "query_text": "papers on shock-sound wave interaction ....",
                "faiss_time": 0.10557317733764648,
                "manual_time": 0.04735612869262695,
                "precision_match_at_5": 1.0,
                "speedup": 0.4485621242711255,
                "precision_match_at-5": 1.0
            },
            {
                "query_text": "material properties of photoelastic mate...",
                "faiss_time": 0.17730140686035156,
                "manual_time": 0.03583860397338867,
                "precision_match_at_5": 1.0,
                "speedup": 0.2021337822864335,
                "precision_match_at-5": 1.0
            },
            {
                "query_text": "can the transverse potential flow about ...",
                "faiss_time": 0.0971839427947998,
                "manual_time": 0.06251382827758789,
                "precision_match_at_5": 1.0,
                "speedup": 0.643252645239795,
                "precision_match_at-5": 1.0
            },
            {
                "query_text": "can the three-dimensional problem of a t...",
                "faiss_time": 0.1538376808166504,
                "manual_time": 0.039194583892822266,
                "precision_match_at_5": 1.0,
                "speedup": 0.2547788271687212,
                "precision_match_at-5": 1.0
            },
            {
                "query_text": "are experimental pressure distributions ...",
                "faiss_time": 0.1506965160369873,
                "manual_time": 0.025960206985473633,
                "precision_match_at_5": 1.0,
                "speedup": 0.17226812980269496,
                "precision_match_at-5": 1.0
            },
            {
                "query_text": "does there exist a good basic treatment ...",