{
    "dataset_evaluated": "vaswani",
    "timestamp": "2026-06-15 22:43:51",
    "total_queries_evaluated": 93,
    "model_performance_metrics": {
        "tfidf": {
            "MAP": 0.17407507201386282,
            "MRR": 0.5392159449187099,
            "Precision@10": 0.2591397849462365,
            "Recall@10": 0.17020837199821048,
            "nDCG@10": 0.3135648097887801
        },
        "bm25": {
            "MAP": 0.23744166629842675,
            "MRR": 0.6725820133086425,
            "Precision@10": 0.3279569892473118,
            "Recall@10": 0.20660889503349394,
            "nDCG@10": 0.4049497989979062
        },
        "bert": {
            "MAP": 0.25282836623812877,
            "MRR": 0.6801910679994172,
            "Precision@10": 0.36344086021505373,
            "Recall@10": 0.22833070257282412,
            "nDCG@10": 0.4335075940749842
        },
        "hybrid": {
            "MAP": 0.26415403539080584,
            "MRR": 0.6993657691168848,
            "Precision@10": 0.3602150537634409,
            "Recall@10": 0.2197109405574802,
            "nDCG@10": 0.4392577248940142
        },
        "hybrid_serial": {
            "MAP": 0.0,
            "MRR": 0.0,
            "Precision@10": 0.0,
            "Recall@10": 0.0,
            "nDCG@10": 0.0
        }
    },
    "search_efficiency_comparison": {
        "status": "completed",
        "average_faiss_time_seconds": 0.11865687847137452,
        "average_manual_time_seconds": 0.0554600715637207,
        "speedup_factor": 0.46739870691188135,
        "average_precision_match_at_5": 0.0,
        "detailed_queries": [
            {
                "query_text": "MEASUREMENT OF DIELECTRIC CONSTANT OF LI...",
                "faiss_time": 0.025171995162963867,
                "manual_time": 0.04565787315368652,
                "precision_match_at_5": 0.0,
                "speedup": 1.8138360848274753,
                "precision_match_at-5": 0.0
            },
            {
                "query_text": "MATHEMATICAL ANALYSIS AND DESIGN DETAILS...",
                "faiss_time": 0.17111897468566895,
                "manual_time": 0.04192304611206055,
                "precision_match_at_5": 0.0,
                "speedup": 0.2449935560277265,
                "precision_match_at-5": 0.0
            },
            {
                "query_text": "USE OF DIGITAL COMPUTERS IN THE DESIGN O...",
                "faiss_time": 0.07721519470214844,
                "manual_time": 0.08253145217895508,
                "precision_match_at_5": 0.0,
                "speedup": 1.0688498876071437,
                "precision_match_at-5": 0.0
            },
            {
                "query_text": "SYSTEMS OF DATA CODING FOR INFORMATION T...",
                "faiss_time": 0.06423401832580566,
                "manual_time": 0.09877729415893555,
                "precision_match_at_5": 0.0,
                "speedup": 1.53777230093127,
                "precision_match_at-5": 0.0
            },
            {
                "query_text": "USE OF PROGRAMS IN ENGINEERING TESTING O...",
                "faiss_time": 0.060935020446777344,
                "manual_time": 0.045430660247802734,
                "precision_match_at_5": 0.0,
                "speedup": 0.7455591204319587,
                "precision_match_at-5": 0.0
            },
            {
                "query_text": "NUMBER REPRESENTATION IN BINARY MACHINES...",
                "faiss_time": 0.15707778930664062,
                "manual_time": 0.03595113754272461,
                "precision_match_at_5": 0.0,
                "speedup": 0.22887473589625276,
                "precision_match_at-5": 0.0
            },
            {
                "query_text": "SECONDARY EMISSION OF ELECTRONS BY POSIT...",
                "faiss_time": 0.05756235122680664,
                "manual_time": 0.05325460433959961,
                "precision_match_at_5": 0.0,
                "speedup": 0.9251638128846807,
                "precision_match_at-5": 0.0
            },
            {
                "query_text": "MEASUREMENT OF PLASMA TEMPERATURES IN AR...",
                "faiss_time": 0.1755998134613037,
                "manual_time": 0.036382436752319336,
                "precision_match_at_5": 0.0,
                "speedup": 0.20718949545089807,
                "precision_match_at-5": 0.0
            },
            {
                "query_text": "CHARACTERISTICS OF THE SINGLE ELECTRODE ...",
                "faiss_time": 0.06314373016357422,
                "manual_time": 0.05950450897216797,
                "precision_match_at_5": 0.0,
                "speedup": 0.9423660721028227,
                "precision_match_at-5": 0.0
            },
            {
                "query_text": "METHODS OF CALCULATING INSTANTANEOUS POW...",
                "faiss_time": 0.15465021133422852,
                "manual_time": 0.04507303237915039,
                "precision_match_at_5": 0.0,
                "speedup": 0.291451476142758,
                "precision_match_at-5": 0.0
            },
            {
                "query_text": "THE EFFECT OF OXIDATION ON CIRCUIT BREAK...",
                "faiss_time": 0.10781669616699219,
                "manual_time": 0.048642635345458984,
                "precision_match_at_5": 0.0,
                "speedup": 0.4511605073681603,
                "precision_match_at-5": 0.0
            },
            {
                "query_text": "TEMPERATURE INDEPENDENT METHODS FOR TUNI...",
                "faiss_time": 0.08452200889587402,
                "manual_time": 0.0718536376953125,
                "precision_match_at_5": 0.0,
                "speedup": 0.8501174857761818,
                "precision_match_at-5": 0.0
            },
            {
                "query_text": "MATHEMATICAL EXPRESSIONS AND GRAPHS FOR ...",
                "faiss_time": 0.11014223098754883,
                "manual_time": 0.06953191757202148,
                "precision_match_at_5": 0.0,
                "speedup": 0.6312920752429811,
                "precision_match_at-5": 0.0
            },
            {
                "query_text": "SYNTHESIS OF FILTERS HAVING HIGH ATTENUA...",
                "faiss_time": 0.09099864959716797,
                "manual_time": 0.06199908256530762,
                "precision_match_at_5": 0.0,
                "speedup": 0.6813187101101458,
                "precision_match_at-5": 0.0
            },
            {
                "query_text": "VOLTAGE CURRENT RELATIONSHIPS IN NETWORK...",
                "faiss_time": 0.08094954490661621,
                "manual_time": 0.04543471336364746,
                "precision_match_at_5": 0.0,
                "speedup": 0.5612720048773735,
                "precision_match_at-5": 0.0
            },
            {
                "query_text": "METHODS OF APPROXIMATING THE FREQUENCY P...",
                "faiss_time": 0.15404176712036133,
                "manual_time": 0.06562519073486328,
                "precision_match_at_5": 0.0,
                "speedup": 0.4260220585731576,
                "precision_match_at-5": 0.0
            },
            {
                "query_text": "OBSERVATIONS OF RAPID FLUCTUATIONS IN TH...",
                "faiss_time": 0.13074254989624023,
                "manual_time": 0.052294254302978516,
                "precision_match_at_5": 0.0,
                "speedup": 0.3999788465536295,
                "precision_match_at-5": 0.0
            },
            {
                "query_text": "DIURNAL VARIATIONS OF FLUCTUATIONS IN TH...",
                "faiss_time": 0.0711524486541748,
                "manual_time": 0.05514788627624512,
                "precision_match_at_5": 0.0,
                "speedup": 0.7750665974165228,
                "precision_match_at-5": 0.0
            },
            {
                "query_text": "SPHERICAL HARMONIC ANALYSIS OF THE EARTH...",
                "faiss_time": 0.055037736892700195,